Lucl Fer,62
Makaria Zolfura,58
Lokusky Yy,56
Jinn Shikhye,55
Yu Lan,54
Cov Fefe,54
Saiho Blu,53
So So,51
Makaria Zolfura,79
Jinn Shikhye,70
Lucl Fer,70
Yu Lan,69
Lokusky Yy,64
Cov Fefe,59
Saiho Blu,57
So So,57
Jinn Shikhye,70
Makaria Zolfura,68
Lokusky Yy,56
Lucl Fer,54
Saiho Blu,52
Yu Lan,51
So So,51
Cov Fefe,49
Makaria Zolfura,57
Talem Splash,53
Lucl Fer,53
Jinn Shikhye,51
Yu Lan,50
Cov Fefe,48
Saiho Blu,46
So So,43
Talem Splash,32
Yu Lan,31
Lucl Fer,30
Jinn Shikhye,29
Makaria Zolfura,29
Saiho Blu,28
Cov Fefe,27
So So,25
Lucl Fer,31
Talem Splash,30
Yu Lan,30
Noir Nubilus,27
Chilled Latte,26
So So,26
Saiho Blu,23
Cov Fefe,23
Jinn Shikhye,31
Lucl Fer,24
Yu Lan,22
Saiho Blu,20
Talem Splash,20
Cov Fefe,19
Noir Nubilus,19
So So,18
Lucl Fer,44
Jinn Shikhye,44
Talem Splash,39
Yu Lan,39
Saiho Blu,38
Cov Fefe,38
So So,33
Noir Nubilus,32
Jinn Shikhye,36
Lucl Fer,32
Saiho Blu,27
Talem Splash,27
Yu Lan,25
So So,25
Cov Fefe,24
Noir Nubilus,23
Lucl Fer,33
Talem Splash,32
Jannus Al-novus,30
Cov Fefe,30
Yu Lan,28
Noir Nubilus,27
So So,27
Saiho Blu,26
Yu Lan,22
Talem Splash,20
Cov Fefe,20
Lucl Fer,20
Noir Nubilus,19
Saiho Blu,19
So So,18
Jannus Al-novus,16
Jannus Al-novus,9
Yu Lan,26
Lucl Fer,23
Cov Fefe,20
So So,19
Jannus Al-novus,19
Noir Nubilus,17
Talem Splash,16
Saiho Blu,16
So So,20
Jannus Al-novus,20
Lucl Fer,19
Talem Splash,19
Yu Lan,17
Cov Fefe,17
Noir Nubilus,16
Saiho Blu,14
Lucl Fer,28
Talem Splash,25
Yu Lan,24
Jannus Al-novus,24
So So,22
Cov Fefe,20
Noir Nubilus,19
Saiho Blu,18
Yu Lan,30
Lucl Fer,27
Talem Splash,25
Jannus Al-novus,25
Noir Nubilus,24
Cov Fefe,22
So So,21
Saiho Blu,21
Lucl Fer,17
Cov Fefe,16
Talem Splash,15
Janina Ame,15
Yu Lan,13
Noir Nubilus,12
Saiho Blu,12
So So,11
Talem Splash,24
So So,23
Lucl Fer,21
Yu Lan,19
Jannus Al-novus,19
Noir Nubilus,17
Cov Fefe,16
Saiho Blu,16
Noir Nubilus,18
Talem Splash,18
Lucl Fer,16
Yu Lan,15
Cov Fefe,15
So So,15
Saiho Blu,14
Jannus Al-novus,14
Lucl Fer,21
Noir Nubilus,19
Jannus Al-novus,18
Talem Splash,16
Yu Lan,16
So So,15
Cov Fefe,15
Saiho Blu,14
Talem Splash,25
Yu Lan,24
Lucl Fer,23
So So,21
Noir Nubilus,19
Cov Fefe,19
Jannus Al-novus,19
Saiho Blu,16
Lucl Fer,20
Talem Splash,19
Yu Lan,18
So So,18
Cov Fefe,17
Jannus Al-novus,15
Noir Nubilus,15
Saiho Blu,15
Jannus Al-Novus,11
So So,9
Lucl Fer,9
Yu Lan,8
Cov Fefe,8
Noir Nubilus,7
Talem Splash,7
Saiho Blu,7